Date,County,Electric Vehicle (EV) Total,year,month,numeric_date,county_encoded,months_since_start,ev_total_lag1,ev_total_lag2,ev_total_lag3,ev_total_roll_mean_3,ev_total_pct_change_1,ev_total_pct_change_3,cumulative_ev,ev_growth_slope
2020-05-31,CountyA,64,2020,5,24245,0,5,87.0,1.0,82.0,56.666666666666664,-0.26436781609195403,-0.2195121951219512,314,53.457142857142834
2020-05-31,CountyA,85,2020,5,24245,0,6,64.0,87.0,1.0,50.666666666666664,0.328125,84.0,399,61.085714285714275
2020-09-30,CountyA,26,2020,9,24249,0,7,85.0,64.0,87.0,78.66666666666667,-0.6941176470588235,-0.7011494252873562,425,59.62857142857141
2020-09-30,CountyA,51,2020,9,24249,0,8,26.0,85.0,64.0,58.333333333333336,0.9615384615384615,-0.203125,476,62.142857142857125
2020-11-30,CountyA,74,2020,11,24251,0,9,51.0,26.0,85.0,54.0,0.4509803921568627,-0.12941176470588234,550,57.48571428571428
2020-12-31,CountyA,72,2020,12,24252,0,10,74.0,51.0,26.0,50.333333333333336,-0.027027027027026973,1.7692307692307692,622,58.399999999999984
2020-12-31,CountyA,95,2020,12,24252,0,11,72.0,74.0,51.0,65.66666666666667,0.3194444444444444,0.8627450980392157,717,64.4285714285714
2021-01-31,CountyA,2,2021,1,24253,0,12,95.0,72.0,74.0,80.33333333333333,-0.9789473684210527,-0.972972972972973,719,64.71428571428568
2021-03-31,CountyA,8,2021,3,24255,0,13,2.0,95.0,72.0,56.333333333333336,3.0,-0.8888888888888888,727,53.057142857142836
2021-03-31,CountyA,13,2021,3,24255,0,14,8.0,2.0,95.0,35.0,0.625,-0.8631578947368421,740,36.19999999999999
2021-06-30,CountyA,57,2021,6,24258,0,15,13.0,8.0,2.0,7.666666666666667,3.384615384615385,27.5,797,27.2
2021-07-31,CountyA,10,2021,7,24259,0,16,57.0,13.0,8.0,26.0,-0.8245614035087719,0.25,807,19.91428571428569
2021-08-31,CountyA,37,2021,8,24260,0,17,10.0,57.0,13.0,26.666666666666668,2.7,1.8461538461538463,844,26.3428571428571
2021-09-30,CountyA,62,2021,9,24261,0,18,37.0,10.0,57.0,34.666666666666664,0.6756756756756757,0.08771929824561409,906,34.77142857142855
2021-09-30,CountyA,8,2021,9,24261,0,19,62.0,37.0,10.0,36.333333333333336,-0.8709677419354839,-0.19999999999999996,914,35.25714285714278
2021-10-31,CountyA,95,2021,10,24262,0,20,8.0,62.0,37.0,35.666666666666664,10.875,1.5675675675675675,1009,41.22857142857137
2021-11-30,CountyA,46,2021,11,24263,0,21,95.0,8.0,62.0,55.0,-0.5157894736842106,-0.25806451612903225,1055,49.79999999999994
2021-12-31,CountyA,17,2021,12,24264,0,22,46.0,95.0,8.0,49.666666666666664,-0.6304347826086957,1.125,1072,48.05714285714284
2021-12-31,CountyA,14,2021,12,24264,0,23,17.0,46.0,95.0,52.666666666666664,-0.17647058823529416,-0.8526315789473684,1086,40.57142857142858
2022-01-31,CountyA,46,2022,1,24265,0,24,14.0,17.0,46.0,25.666666666666668,2.2857142857142856,0.0,1132,38.22857142857138
2022-03-31,CountyA,72,2022,3,24267,0,25,46.0,14.0,17.0,25.666666666666668,0.5652173913043479,3.235294117647059,1204,34.85714285714282
2022-03-31,CountyA,86,2022,3,24267,0,26,72.0,46.0,14.0,44.0,0.19444444444444442,5.142857142857143,1290,46.199999999999996
2022-03-31,CountyA,4,2022,3,24267,0,27,86.0,72.0,46.0,68.0,-0.9534883720930233,-0.9130434782608696,1294,51.25714285714284
2022-08-31,CountyA,81,2022,8,24272,0,28,4.0,86.0,72.0,54.0,19.25,0.125,1375,57.62857142857138
2022-09-30,CountyA,1,2022,9,24273,0,29,81.0,4.0,86.0,57.0,-0.9876543209876543,-0.9883720930232558,1376,49.62857142857136
2022-09-30,CountyA,14,2022,9,24273,0,30,1.0,81.0,4.0,28.666666666666668,13.0,2.5,1390,36.25714285714284
2022-09-30,CountyA,56,2022,9,24273,0,31,14.0,1.0,81.0,32.0,3.0,-0.308641975308642,1446,30.542857142857102
2022-09-30,CountyA,40,2022,9,24273,0,32,56.0,14.0,1.0,23.666666666666668,-0.2857142857142857,39.0,1486,33.914285714285654
2022-11-30,CountyA,78,2022,11,24275,0,33,40.0,56.0,14.0,36.666666666666664,0.95,4.571428571428571,1564,38.02857142857147
2022-11-30,CountyA,55,2022,11,24275,0,34,78.0,40.0,56.0,58.0,-0.2948717948717948,-0.017857142857142905,1619,50.77142857142847
2022-12-31,CountyA,53,2022,12,24276,0,35,55.0,78.0,40.0,57.666666666666664,-0.036363636363636376,0.32499999999999996,1672,57.34285714285705
2023-03-31,CountyA,47,2023,3,24279,0,36,53.0,55.0,78.0,62.0,-0.1132075471698113,-0.39743589743589747,1719,56.51428571428568
2023-04-30,CountyA,84,2023,4,24280,0,37,47.0,53.0,55.0,51.666666666666664,0.7872340425531914,0.5272727272727273,1803,60.085714285714275
2023-08-31,CountyA,27,2023,8,24284,0,38,84.0,47.0,53.0,61.333333333333336,-0.6785714285714286,-0.49056603773584906,1830,55.114285714285664
2023-12-31,CountyA,34,2023,12,24288,0,39,27.0,84.0,47.0,52.666666666666664,0.2592592592592593,-0.276595744680851,1864,50.94285714285714
2023-12-31,CountyA,32,2023,12,24288,0,40,34.0,27.0,84.0,48.333333333333336,-0.05882352941176472,-0.6190476190476191,1896,45.199999999999996
2023-12-31,CountyA,40,2023,12,24288,0,41,32.0,34.0,27.0,31.0,0.25,0.4814814814814814,1936,39.94285714285709
2024-01-31,CountyA,73,2024,1,24289,0,42,40.0,32.0,34.0,35.333333333333336,0.825,1.1470588235294117,2009,39.42857142857145
2024-04-30,CountyA,55,2024,4,24292,0,43,73.0,40.0,32.0,48.333333333333336,-0.2465753424657534,0.71875,2064,47.0
2024-05-31,CountyA,45,2024,5,24293,0,44,55.0,73.0,40.0,56.0,-0.18181818181818177,0.125,2109,51.4857142857142
2024-05-31,CountyA,73,2024,5,24293,0,45,45.0,55.0,73.0,57.666666666666664,0.6222222222222222,0.0,2182,57.25714285714276
2024-05-31,CountyA,13,2024,5,24293,0,46,73.0,45.0,55.0,57.666666666666664,-0.821917808219178,-0.7636363636363637,2195,53.11428571428573
2024-05-31,CountyA,75,2024,5,24293,0,47,13.0,73.0,45.0,43.666666666666664,4.769230769230769,0.6666666666666667,2270,50.599999999999916
2024-06-30,CountyA,23,2024,6,24294,0,48,75.0,13.0,73.0,53.666666666666664,-0.6933333333333334,-0.6849315068493151,2293,46.88571428571441
2024-06-30,CountyA,1,2024,6,24294,0,49,23.0,75.0,13.0,37.0,-0.9565217391304348,-0.9230769230769231,2294,38.085714285714104
2024-06-30,CountyA,16,2024,6,24294,0,50,1.0,23.0,75.0,33.0,15.0,-0.7866666666666666,2310,27.428571428571484
2024-07-31,CountyA,92,2024,7,24295,0,51,16.0,1.0,23.0,13.333333333333334,4.75,3.0,2402,33.02857142857144
2024-10-31,CountyA,68,2024,10,24298,0,52,92.0,16.0,1.0,36.333333333333336,-0.26086956521739135,67.0,2470,38.371428571428666
2024-10-31,CountyA,66,2024,10,24298,0,53,68.0,92.0,16.0,58.666666666666664,-0.02941176470588236,3.125,2536,52.428571428571445
2024-10-31,CountyA,51,2024,10,24298,0,54,66.0,68.0,92.0,75.33333333333333,-0.2272727272727273,-0.44565217391304346,2587,63.17142857142847
2024-11-30,CountyA,8,2024,11,24299,0,55,51.0,66.0,68.0,61.666666666666664,-0.8431372549019608,-0.8823529411764706,2595,58.45714285714285
2024-12-31,CountyA,70,2024,12,24300,0,56,8.0,51.0,66.0,41.666666666666664,7.75,0.06060606060606055,2665,49.74285714285696
2025-02-28,CountyA,42,2025,2,24302,0,57,70.0,8.0,51.0,43.0,-0.4,-0.17647058823529416,2707,45.14285714285717
2025-04-30,CountyA,75,2025,4,24304,0,58,42.0,70.0,8.0,40.0,0.7857142857142858,8.375,2782,47.42857142857137
2025-05-31,CountyA,38,2025,5,24305,0,59,75.0,42.0,70.0,62.333333333333336,-0.4933333333333333,-0.4571428571428572,2820,50.51428571428569
2025-06-30,CountyA,24,2025,6,24306,0,60,38.0,75.0,42.0,51.666666666666664,-0.368421052631579,-0.4285714285714286,2844,51.00000000000016
2025-08-31,CountyA,60,2025,8,24308,0,61,24.0,38.0,75.0,45.666666666666664,1.5,-0.19999999999999996,2904,46.97142857142836
2025-11-30,CountyA,69,2025,11,24311,0,62,60.0,24.0,38.0,40.666666666666664,0.1499999999999999,0.8157894736842106,2973,49.14285714285703
2025-11-30,CountyA,51,2025,11,24311,0,63,69.0,60.0,24.0,51.0,-0.26086956521739135,1.125,3024,49.400000000000034
2025-12-31,CountyA,83,2025,12,24312,0,64,51.0,69.0,60.0,60.0,0.6274509803921569,0.3833333333333333,3107,58.39999999999974
2025-12-31,CountyA,93,2025,12,24312,0,65,83.0,51.0,69.0,67.66666666666667,0.12048192771084332,0.34782608695652173,3200,69.7142857142858
2026-03-31,CountyA,26,2026,3,24315,0,66,93.0,83.0,51.0,75.66666666666667,-0.7204301075268817,-0.4901960784313726,3226,67.82857142857128
2026-03-31,CountyA,57,2026,3,24315,0,67,26.0,93.0,83.0,67.33333333333333,1.1923076923076925,-0.3132530120481928,3283,64.25714285714298
2026-09-30,CountyA,11,2026,9,24321,0,68,57.0,26.0,93.0,58.666666666666664,-0.8070175438596492,-0.8817204301075269,3294,54.39999999999967
2026-10-31,CountyA,65,2026,10,24322,0,69,11.0,57.0,26.0,31.333333333333332,4.909090909090909,1.5,3359,45.685714285714376
2026-10-31,CountyA,73,2026,10,24322,0,70,65.0,11.0,57.0,44.333333333333336,0.12307692307692308,0.2807017543859649,3432,44.857142857142975
2026-10-31,CountyA,49,2026,10,24322,0,71,73.0,65.0,11.0,49.666666666666664,-0.3287671232876712,3.454545454545454,3481,51.05714285714287
2026-12-31,CountyA,36,2026,12,24324,0,72,49.0,73.0,65.0,62.333333333333336,-0.26530612244897955,-0.4461538461538461,3517,51.54285714285701
2027-02-28,CountyA,82,2027,2,24326,0,73,36.0,49.0,73.0,52.666666666666664,1.2777777777777777,0.12328767123287676,3599,58.51428571428559
2027-03-31,CountyA,47,2027,3,24327,0,74,82.0,36.0,49.0,55.666666666666664,-0.426829268292683,-0.04081632653061229,3646,56.34285714285721
2027-04-30,CountyA,60,2027,4,24328,0,75,47.0,82.0,36.0,55.0,0.27659574468085113,0.6666666666666667,3706,55.628571428571306
2027-05-31,CountyA,79,2027,5,24329,0,76,60.0,47.0,82.0,63.0,0.31666666666666665,-0.03658536585365857,3785,60.971428571428326
2027-05-31,CountyA,49,2027,5,24329,0,77,79.0,60.0,47.0,62.0,-0.379746835443038,0.042553191489361764,3834,62.94285714285704
2027-05-31,CountyA,11,2027,5,24329,0,78,49.0,79.0,60.0,62.666666666666664,-0.7755102040816326,-0.8166666666666667,3845,53.51428571428555
2027-06-30,CountyA,54,2027,6,24330,0,79,11.0,49.0,79.0,46.333333333333336,3.909090909090909,-0.31645569620253167,3899,49.457142857142706
2027-11-30,CountyA,44,2027,11,24335,0,80,54.0,11.0,49.0,38.0,-0.18518518518518523,-0.10204081632653061,3943,43.94285714285698
2027-12-31,CountyA,63,2027,12,24336,0,81,44.0,54.0,11.0,36.333333333333336,0.4318181818181819,4.7272727272727275,4006,42.45714285714282
2028-02-29,CountyA,9,2028,2,24338,0,82,63.0,44.0,54.0,53.666666666666664,-0.8571428571428572,-0.8333333333333334,4015,40.91428571428586
2028-02-29,CountyA,86,2028,2,24338,0,83,9.0,63.0,44.0,38.666666666666664,8.555555555555555,0.9545454545454546,4101,48.31428571428556
2028-03-31,CountyA,63,2028,3,24339,0,84,86.0,9.0,63.0,52.666666666666664,-0.2674418604651163,0.0,4164,51.65714285714303
2028-03-31,CountyA,49,2028,3,24339,0,85,63.0,86.0,9.0,52.666666666666664,-0.2222222222222222,4.444444444444445,4213,54.57142857142855
2028-03-31,CountyA,47,2028,3,24339,0,86,49.0,63.0,86.0,66.0,-0.04081632653061229,-0.4534883720930233,4260,55.05714285714274
2028-04-30,CountyA,59,2028,4,24340,0,87,47.0,49.0,63.0,53.0,0.25531914893617014,-0.06349206349206349,4319,58.45714285714248
2028-05-31,CountyA,62,2028,5,24341,0,88,59.0,47.0,49.0,51.666666666666664,0.05084745762711873,0.26530612244897966,4381,54.6285714285715
2028-05-31,CountyA,87,2028,5,24341,0,89,62.0,59.0,47.0,56.0,0.403225806451613,0.8510638297872339,4468,59.51428571428565
2028-07-31,CountyA,18,2028,7,24343,0,90,87.0,62.0,59.0,69.33333333333333,-0.7931034482758621,-0.6949152542372881,4486,58.6000000000001
2028-07-31,CountyA,97,2028,7,24343,0,91,18.0,87.0,62.0,55.666666666666664,4.388888888888889,0.564516129032258,4583,62.942857142857314
2028-08-31,CountyA,14,2028,8,24344,0,92,97.0,18.0,87.0,67.33333333333333,-0.8556701030927836,-0.8390804597701149,4597,57.54285714285717
2028-08-31,CountyA,83,2028,8,24344,0,93,14.0,97.0,18.0,43.0,4.928571428571429,3.6111111111111107,4680,56.542857142856974
2028-08-31,CountyA,71,2028,8,24344,0,94,83.0,14.0,97.0,64.66666666666667,-0.14457831325301207,-0.2680412371134021,4751,57.457142857142664
2028-08-31,CountyA,54,2028,8,24344,0,95,71.0,83.0,14.0,56.0,-0.23943661971830987,2.857142857142857,4805,62.34285714285719
2028-12-31,CountyA,84,2028,12,24348,0,96,54.0,71.0,83.0,69.33333333333333,0.5555555555555556,0.012048192771084265,4889,63.57142857142825
2028-12-31,CountyA,94,2028,12,24348,0,97,84.0,54.0,71.0,69.66666666666667,0.11904761904761907,0.323943661971831,4983,74.60000000000004
2029-03-31,CountyA,26,2029,3,24351,0,98,94.0,84.0,54.0,77.33333333333333,-0.7234042553191489,-0.5185185185185186,5009,69.28571428571395
2029-03-31,CountyA,32,2029,3,24351,0,99,26.0,94.0,84.0,68.0,0.23076923076923084,-0.6190476190476191,5041,61.599999999999994
2029-05-31,CountyA,76,2029,5,24353,0,100,32.0,26.0,94.0,50.666666666666664,1.375,-0.19148936170212771,5117,58.34285714285701
2029-05-31,CountyA,43,2029,5,24353,0,101,76.0,32.0,26.0,44.666666666666664,-0.4342105263157895,0.6538461538461537,5160,51.114285714285586
2029-05-31,CountyA,69,2029,5,24353,0,102,43.0,76.0,32.0,50.333333333333336,0.6046511627906976,1.15625,5229,50.25714285714272
2029-05-31,CountyA,38,2029,5,24353,0,103,69.0,43.0,76.0,62.666666666666664,-0.4492753623188406,-0.5,5267,54.20000000000004
2029-05-31,CountyA,7,2029,5,24353,0,104,38.0,69.0,43.0,50.0,-0.8157894736842105,-0.8372093023255813,5274,48.114285714285614
2029-05-31,CountyA,26,2029,5,24353,0,105,7.0,38.0,69.0,38.0,2.7142857142857144,-0.6231884057971014,5300,36.99999999999951
2029-06-30,CountyA,95,2029,6,24354,0,106,26.0,7.0,38.0,23.666666666666668,2.6538461538461537,1.5,5395,39.85714285714284
2029-08-31,CountyA,31,2029,8,24356,0,107,95.0,26.0,7.0,42.666666666666664,-0.6736842105263158,3.428571428571429,5426,39.85714285714285
2029-08-31,CountyA,63,2029,8,24356,0,108,31.0,95.0,26.0,50.666666666666664,1.032258064516129,1.423076923076923,5489,47.45714285714298
2029-09-30,CountyA,98,2029,9,24357,0,109,63.0,31.0,95.0,63.0,0.5555555555555556,0.03157894736842115,5587,61.79999999999979
2029-09-30,CountyA,36,2029,9,24357,0,110,98.0,63.0,31.0,64.0,-0.6326530612244898,0.16129032258064524,5623,64.3999999999998
2029-10-31,CountyA,5,2029,10,24358,0,111,36.0,98.0,63.0,65.66666666666667,-0.8611111111111112,-0.9206349206349207,5628,52.97142857142838
2029-10-31,CountyA,11,2029,10,24358,0,112,5.0,36.0,98.0,46.333333333333336,1.2000000000000002,-0.8877551020408163,5639,43.37142857142839
2030-02-28,CountyA,53,2030,2,24362,0,113,11.0,5.0,36.0,17.333333333333332,3.8181818181818183,0.4722222222222223,5692,33.60000000000034
2030-03-31,CountyA,68,2030,3,24363,0,114,53.0,11.0,5.0,23.0,0.28301886792452824,12.6,5760,30.94285714285675
2030-04-30,CountyA,41,2030,4,24364,0,115,68.0,53.0,11.0,44.0,-0.3970588235294118,2.727272727272727,5801,38.25714285714288
2030-06-30,CountyA,12,2030,6,24366,0,116,41.0,68.0,53.0,54.0,-0.7073170731707317,-0.7735849056603774,5813,42.25714285714282
2030-08-31,CountyA,97,2030,8,24368,0,117,12.0,41.0,68.0,40.333333333333336,7.083333333333334,0.42647058823529416,5910,50.25714285714308
2030-08-31,CountyA,21,2030,8,24368,0,118,97.0,12.0,41.0,50.0,-0.7835051546391752,-0.4878048780487805,5931,47.34285714285687
2030-08-31,CountyA,29,2030,8,24368,0,119,21.0,97.0,12.0,43.333333333333336,0.38095238095238093,1.4166666666666665,5960,42.4857142857143
2030-08-31,CountyA,16,2030,8,24368,0,120,29.0,21.0,97.0,49.0,-0.4482758620689655,-0.8350515463917526,5976,38.19999999999997
2030-09-30,CountyA,90,2030,9,24369,0,121,16.0,29.0,21.0,22.0,4.625,3.2857142857142856,6066,42.62857142857125
2030-10-31,CountyA,44,2030,10,24370,0,122,90.0,16.0,29.0,45.0,-0.5111111111111111,0.5172413793103448,6110,40.599999999999795
2030-10-31,CountyA,36,2030,10,24370,0,123,44.0,90.0,16.0,50.0,-0.18181818181818177,1.25,6146,46.14285714285656
2030-11-30,CountyA,89,2030,11,24371,0,124,36.0,44.0,90.0,56.666666666666664,1.4722222222222223,-0.011111111111111072,6235,55.11428571428569
2030-12-31,CountyA,66,2030,12,24372,0,125,89.0,36.0,44.0,56.333333333333336,-0.2584269662921348,0.5,6301,61.94285714285687
2030-12-31,CountyA,25,2030,12,24372,0,126,66.0,89.0,36.0,63.666666666666664,-0.6212121212121212,-0.3055555555555556,6326,56.05714285714287
2031-03-31,CountyA,6,2031,3,24375,0,127,25.0,66.0,89.0,60.0,-0.76,-0.9325842696629214,6332,49.028571428571276
2031-03-31,CountyA,64,2031,3,24375,0,128,6.0,25.0,66.0,32.333333333333336,9.666666666666666,-0.030303030303030276,6396,44.742857142856906
2031-03-31,CountyA,45,2031,3,24375,0,129,64.0,6.0,25.0,31.666666666666668,-0.296875,0.8,6441,37.74285714285703
2031-03-31,CountyA,87,2031,3,24375,0,130,45.0,64.0,6.0,38.333333333333336,0.9333333333333333,13.5,6528,44.1142857142855
2031-04-30,CountyA,78,2031,4,24376,0,131,87.0,45.0,64.0,65.33333333333333,-0.10344827586206895,0.21875,6606,58.0857142857138
2031-04-30,CountyA,76,2031,4,24376,0,132,78.0,87.0,45.0,70.0,-0.02564102564102566,0.6888888888888889,6682,70.4857142857142
2031-05-31,CountyA,39,2031,5,24377,0,133,76.0,78.0,87.0,80.33333333333333,-0.48684210526315785,-0.5517241379310345,6721,69.31428571428535
2031-05-31,CountyA,36,2031,5,24377,0,134,39.0,76.0,78.0,64.33333333333333,-0.07692307692307687,-0.5384615384615384,6757,63.8571428571426
2031-05-31,CountyA,2,2031,5,24377,0,135,36.0,39.0,76.0,50.333333333333336,-0.9444444444444444,-0.9736842105263158,6759,47.05714285714281
2031-07-31,CountyA,9,2031,7,24379,0,136,2.0,36.0,39.0,25.666666666666668,3.5,-0.7692307692307692,6768,30.7714285714288
2031-10-31,CountyA,18,2031,10,24382,0,137,9.0,2.0,36.0,15.666666666666666,1.0,-0.5,6786,18.942857142856766
2031-10-31,CountyA,83,2031,10,24382,0,138,18.0,9.0,2.0,9.666666666666666,3.6111111111111107,40.5,6869,23.88571428571387
2031-10-31,CountyA,98,2031,10,24382,0,139,83.0,18.0,9.0,36.666666666666664,0.1807228915662651,9.88888888888889,6967,39.9428571428569
2031-11-30,CountyA,44,2031,11,24383,0,140,98.0,83.0,18.0,66.33333333333333,-0.5510204081632653,1.4444444444444446,7011,55.42857142857146
2032-01-31,CountyA,5,2032,1,24385,0,141,44.0,98.0,83.0,75.0,-0.8863636363636364,-0.9397590361445783,7016,57.51428571428521
2032-02-29,CountyA,50,2032,2,24386,0,142,5.0,44.0,98.0,49.0,9.0,-0.4897959183673469,7066,53.857142857142605
2032-02-29,CountyA,92,2032,2,24386,0,143,50.0,5.0,44.0,33.0,0.8400000000000001,1.0909090909090908,7158,49.914285714285434
2032-03-31,CountyA,24,2032,3,24387,0,144,92.0,50.0,5.0,49.0,-0.7391304347826086,3.8,7182,44.742857142857034
2032-04-30,CountyA,52,2032,4,24388,0,145,24.0,92.0,50.0,55.333333333333336,1.1666666666666665,0.040000000000000036,7234,48.7142857142864
2032-06-30,CountyA,33,2032,6,24390,0,146,52.0,24.0,92.0,56.0,-0.3653846153846154,-0.6413043478260869,7267,50.942857142857
2032-06-30,CountyA,9,2032,6,24390,0,147,33.0,52.0,24.0,36.333333333333336,-0.7272727272727273,-0.625,7276,40.82857142857106
2032-08-31,CountyA,59,2032,8,24392,0,148,9.0,33.0,52.0,31.333333333333332,5.555555555555555,0.13461538461538458,7335,34.28571428571427
2032-08-31,CountyA,29,2032,8,24392,0,149,59.0,9.0,33.0,33.666666666666664,-0.5084745762711864,-0.12121212121212122,7364,34.91428571428565
2032-09-30,CountyA,20,2032,9,24393,0,150,29.0,59.0,9.0,32.333333333333336,-0.31034482758620685,1.2222222222222223,7384,31.428571428571747
2032-09-30,CountyA,87,2032,9,24393,0,151,20.0,29.0,59.0,36.0,3.3499999999999996,0.47457627118644075,7471,39.22857142857185
2033-01-31,CountyA,38,2033,1,24397,0,152,87.0,20.0,29.0,45.333333333333336,-0.5632183908045977,0.31034482758620685,7509,45.514285714285464
2033-02-28,CountyA,70,2033,2,24398,0,153,38.0,87.0,20.0,48.333333333333336,0.8421052631578947,2.5,7579,49.771428571428665
2033-03-31,CountyA,41,2033,3,24399,0,154,70.0,38.0,87.0,65.0,-0.41428571428571426,-0.5287356321839081,7620,54.37142857142832
2033-04-30,CountyA,82,2033,4,24400,0,155,41.0,70.0,38.0,49.666666666666664,1.0,1.1578947368421053,7702,60.19999999999975
2033-05-31,CountyA,40,2033,5,24401,0,156,82.0,41.0,70.0,64.33333333333333,-0.5121951219512195,-0.4285714285714286,7742,56.42857142857165
2033-05-31,CountyA,49,2033,5,24401,0,157,40.0,82.0,41.0,54.333333333333336,0.2250000000000001,0.19512195121951215,7791,56.59999999999951
2033-07-31,CountyA,99,2033,7,24403,0,158,49.0,40.0,82.0,57.0,1.020408163265306,0.20731707317073167,7890,60.228571428571044
2033-07-31,CountyA,96,2033,7,24403,0,159,99.0,49.0,40.0,62.666666666666664,-0.030303030303030276,1.4,7986,69.79999999999981
2033-10-31,CountyA,49,2033,10,24406,0,160,96.0,99.0,49.0,81.33333333333333,-0.48958333333333337,0.0,8035,71.31428571428492
2033-12-31,CountyA,15,2033,12,24408,0,161,49.0,96.0,99.0,81.33333333333333,-0.6938775510204082,-0.8484848484848485,8050,67.65714285714239
2033-12-31,CountyA,86,2033,12,24408,0,162,15.0,49.0,96.0,53.333333333333336,4.733333333333333,-0.10416666666666663,8136,64.39999999999986
2034-02-28,CountyA,51,2034,2,24410,0,163,86.0,15.0,49.0,50.0,-0.40697674418604646,0.04081632653061229,8187,55.71428571428558
2034-07-31,CountyA,20,2034,7,24415,0,164,51.0,86.0,15.0,50.666666666666664,-0.607843137254902,0.33333333333333326,8207,47.057142857142516
2035-04-30,CountyA,20,2035,4,24424,0,165,20.0,51.0,86.0,52.333333333333336,0.0,-0.7674418604651163,8227,42.34285714285679
2035-06-30,CountyA,2,2035,6,24426,0,166,20.0,20.0,51.0,30.333333333333332,-0.9,-0.9607843137254902,8229,33.94285714285714
2035-07-31,CountyA,70,2035,7,24427,0,167,2.0,20.0,20.0,14.0,34.0,2.5,8299,27.45714285714275
2035-08-31,CountyA,31,2035,8,24428,0,168,70.0,2.0,20.0,30.666666666666668,-0.5571428571428572,0.55,8330,28.37142857142863
2035-08-31,CountyA,68,2035,8,24428,0,169,31.0,70.0,2.0,34.333333333333336,1.193548387096774,33.0,8398,38.114285714285224
2035-08-31,CountyA,75,2035,8,24428,0,170,68.0,31.0,70.0,56.333333333333336,0.10294117647058831,0.0714285714285714,8473,50.514285714286004
2035-08-31,CountyA,92,2035,8,24428,0,171,75.0,68.0,31.0,58.0,0.22666666666666657,1.967741935483871,8565,64.85714285714276
2035-08-31,CountyA,98,2035,8,24428,0,172,92.0,75.0,68.0,78.33333333333333,0.0652173913043479,0.4411764705882353,8663,74.28571428571385
2035-09-30,CountyA,13,2035,9,24429,0,173,98.0,92.0,75.0,88.33333333333333,-0.8673469387755102,-0.8266666666666667,8676,74.77142857142901
2035-10-31,CountyA,23,2035,10,24430,0,174,13.0,98.0,92.0,67.66666666666667,0.7692307692307692,-0.75,8699,63.19999999999952
2035-10-31,CountyA,2,2035,10,24430,0,175,23.0,13.0,98.0,44.666666666666664,-0.9130434782608696,-0.9795918367346939,8701,44.42857142857172
2035-10-31,CountyA,55,2035,10,24430,0,176,2.0,23.0,13.0,12.666666666666666,26.5,3.230769230769231,8756,31.199999999999598
2035-10-31,CountyA,66,2035,10,24430,0,177,55.0,2.0,23.0,26.666666666666668,0.19999999999999996,1.8695652173913042,8822,29.628571428571032
2035-10-31,CountyA,81,2035,10,24430,0,178,66.0,55.0,2.0,41.0,0.2272727272727273,39.5,8903,44.54285714285739
2035-11-30,CountyA,34,2035,11,24431,0,179,81.0,66.0,55.0,67.33333333333333,-0.5802469135802469,-0.38181818181818183,8937,53.20000000000047
2035-12-31,CountyA,94,2035,12,24432,0,180,34.0,81.0,66.0,60.333333333333336,1.7647058823529411,0.4242424242424243,9031,64.97142857142879
2035-12-31,CountyA,10,2035,12,24432,0,181,94.0,34.0,81.0,69.66666666666667,-0.8936170212765957,-0.8765432098765432,9041,59.599999999999795
2036-02-29,CountyA,74,2036,2,24434,0,182,10.0,94.0,34.0,46.0,6.4,1.176470588235294,9115,56.37142857142839
2036-03-31,CountyA,87,2036,3,24435,0,183,74.0,10.0,94.0,59.333333333333336,0.17567567567567566,-0.07446808510638303,9202,58.25714285714176
2036-03-31,CountyA,93,2036,3,24435,0,184,87.0,74.0,10.0,57.0,0.06896551724137923,8.3,9295,67.91428571428557
2036-05-31,CountyA,17,2036,5,24437,0,185,93.0,87.0,74.0,84.66666666666667,-0.8172043010752688,-0.7702702702702703,9312,64.40000000000015
2036-07-31,CountyA,54,2036,7,24439,0,186,17.0,93.0,87.0,65.66666666666667,2.176470588235294,-0.3793103448275862,9366,65.97142857142859
2036-08-31,CountyA,40,2036,8,24440,0,187,54.0,17.0,93.0,54.666666666666664,-0.2592592592592593,-0.5698924731182795,9406,56.11428571428537
2020-08-31,CountyB,97,2020,8,24248,1,5,25.0,57.0,3.0,28.333333333333332,2.88,31.333333333333336,210,35.771428571428565
2020-08-31,CountyB,63,2020,8,24248,1,6,97.0,25.0,57.0,59.666666666666664,-0.35051546391752575,0.10526315789473695,273,51.05714285714284
2020-08-31,CountyB,94,2020,8,24248,1,7,63.0,97.0,25.0,61.666666666666664,0.4920634920634921,2.76,367,66.62857142857142
2020-08-31,CountyB,37,2020,8,24248,1,8,94.0,63.0,97.0,84.66666666666667,-0.6063829787234043,-0.6185567010309279,404,68.7142857142857
2021-01-31,CountyB,51,2021,1,24253,1,9,37.0,94.0,63.0,64.66666666666667,0.3783783783783783,-0.19047619047619047,455,68.17142857142854
2021-02-28,CountyB,10,2021,2,24254,1,10,51.0,37.0,94.0,60.666666666666664,-0.803921568627451,-0.8936170212765957,465,53.085714285714275
2021-03-31,CountyB,40,2021,3,24255,1,11,10.0,51.0,37.0,32.666666666666664,3.0,0.08108108108108114,505,43.0
2021-03-31,CountyB,14,2021,3,24255,1,12,40.0,10.0,51.0,33.666666666666664,-0.65,-0.7254901960784313,519,30.657142857142844
2021-09-30,CountyB,62,2021,9,24261,1,13,14.0,40.0,10.0,21.333333333333332,3.428571428571429,5.2,581,31.914285714285697
2021-10-31,CountyB,47,2021,10,24262,1,14,62.0,14.0,40.0,38.666666666666664,-0.24193548387096775,0.17500000000000004,628,35.057142857142836
2021-12-31,CountyB,59,2021,12,24264,1,15,47.0,62.0,14.0,41.0,0.25531914893617014,3.2142857142857144,687,44.02857142857142
2022-02-28,CountyB,1,2022,2,24266,1,16,59.0,47.0,62.0,56.0,-0.9830508474576272,-0.9838709677419355,688,41.88571428571426
2022-03-31,CountyB,1,2022,3,24267,1,17,1.0,59.0,47.0,35.666666666666664,0.0,-0.9787234042553191,689,35.14285714285713
2022-04-30,CountyB,29,2022,4,24268,1,18,1.0,1.0,59.0,20.333333333333332,28.0,-0.5084745762711864,718,24.828571428571394
2022-04-30,CountyB,33,2022,4,24268,1,19,29.0,1.0,1.0,10.333333333333334,0.13793103448275867,32.0,751,20.257142857142874
2022-06-30,CountyB,29,2022,6,24270,1,20,33.0,29.0,1.0,21.0,-0.12121212121212122,28.0,780,19.51428571428571
2022-06-30,CountyB,29,2022,6,24270,1,21,29.0,33.0,29.0,30.333333333333332,0.0,0.0,809,26.028571428571404
2022-08-31,CountyB,55,2022,8,24272,1,22,29.0,29.0,33.0,30.333333333333332,0.896551724137931,0.6666666666666667,864,33.62857142857141
2022-10-31,CountyB,26,2022,10,24274,1,23,55.0,29.0,29.0,37.666666666666664,-0.5272727272727273,-0.10344827586206895,890,35.08571428571426
2023-01-31,CountyB,43,2023,1,24277,1,24,26.0,55.0,29.0,36.666666666666664,0.6538461538461537,0.48275862068965525,933,37.00000000000002
2023-01-31,CountyB,87,2023,1,24277,1,25,43.0,26.0,55.0,41.333333333333336,1.0232558139534884,0.5818181818181818,1020,45.65714285714284
2023-02-28,CountyB,70,2023,2,24278,1,26,87.0,43.0,26.0,52.0,-0.1954022988505747,1.6923076923076925,1090,54.742857142857154
2023-02-28,CountyB,37,2023,2,24278,1,27,70.0,87.0,43.0,66.66666666666667,-0.4714285714285714,-0.13953488372093026,1127,57.199999999999925
2023-02-28,CountyB,92,2023,2,24278,1,28,37.0,70.0,87.0,64.66666666666667,1.4864864864864864,0.05747126436781613,1219,65.6285714285714
2023-05-31,CountyB,24,2023,5,24281,1,29,92.0,37.0,70.0,66.33333333333333,-0.7391304347826086,-0.6571428571428571,1243,62.399999999999956
2023-09-30,CountyB,72,2023,9,24285,1,30,24.0,92.0,37.0,51.0,2.0,0.945945945945946,1315,57.885714285714236
2023-10-31,CountyB,8,2023,10,24286,1,31,72.0,24.0,92.0,62.666666666666664,-0.8888888888888888,-0.9130434782608696,1323,50.08571428571417
2023-12-31,CountyB,25,2023,12,24288,1,32,8.0,72.0,24.0,34.666666666666664,2.125,0.04166666666666674,1348,42.54285714285712
2024-01-31,CountyB,55,2024,1,24289,1,33,25.0,8.0,72.0,35.0,1.2000000000000002,-0.23611111111111116,1403,35.51428571428573
2024-01-31,CountyB,32,2024,1,24289,1,34,55.0,25.0,8.0,29.333333333333332,-0.4181818181818182,3.0,1435,35.685714285714276
2024-03-31,CountyB,66,2024,3,24291,1,35,32.0,55.0,25.0,37.333333333333336,1.0625,1.6400000000000001,1501,37.742857142857126
2024-03-31,CountyB,79,2024,3,24291,1,36,66.0,32.0,55.0,51.0,0.19696969696969702,0.4363636363636363,1580,50.74285714285724
2024-03-31,CountyB,59,2024,3,24291,1,37,79.0,66.0,32.0,59.0,-0.25316455696202533,0.84375,1639,58.62857142857146
2024-04-30,CountyB,85,2024,4,24292,1,38,59.0,79.0,66.0,68.0,0.44067796610169485,0.28787878787878785,1724,65.59999999999992
2024-05-31,CountyB,53,2024,5,24293,1,39,85.0,59.0,79.0,74.33333333333333,-0.3764705882352941,-0.3291139240506329,1777,69.65714285714276
2024-06-30,CountyB,11,2024,6,24294,1,40,53.0,85.0,59.0,65.66666666666667,-0.7924528301886793,-0.8135593220338984,1788,60.31428571428564
2024-06-30,CountyB,33,2024,6,24294,1,41,11.0,53.0,85.0,49.666666666666664,2.0,-0.611764705882353,1821,48.714285714285715
2024-07-31,CountyB,87,2024,7,24295,1,42,33.0,11.0,53.0,32.333333333333336,1.6363636363636362,0.6415094339622642,1908,47.05714285714274
2024-09-30,CountyB,12,2024,9,24297,1,43,87.0,33.0,11.0,43.666666666666664,-0.8620689655172413,0.09090909090909083,1920,40.17142857142857
2024-10-31,CountyB,94,2024,10,24298,1,44,12.0,87.0,33.0,44.0,6.833333333333333,1.8484848484848486,2014,47.65714285714283
2024-10-31,CountyB,40,2024,10,24298,1,45,94.0,12.0,87.0,64.33333333333333,-0.574468085106383,-0.5402298850574713,2054,54.88571428571428
2024-10-31,CountyB,17,2024,10,24298,1,46,40.0,94.0,12.0,48.666666666666664,-0.575,0.41666666666666674,2071,50.914285714285626
2024-11-30,CountyB,9,2024,11,24299,1,47,17.0,40.0,94.0,50.333333333333336,-0.47058823529411764,-0.9042553191489362,2080,38.65714285714297
2024-12-31,CountyB,67,2024,12,24300,1,48,9.0,17.0,40.0,22.0,6.444444444444445,0.675,2147,38.57142857142855
2025-02-28,CountyB,88,2025,2,24302,1,49,67.0,9.0,17.0,31.0,0.31343283582089554,4.176470588235294,2235,39.800000000000004
2025-03-31,CountyB,23,2025,3,24303,1,50,88.0,67.0,9.0,54.666666666666664,-0.7386363636363636,1.5555555555555554,2258,45.114285714285565
2025-03-31,CountyB,81,2025,3,24303,1,51,23.0,88.0,67.0,59.333333333333336,2.5217391304347827,0.20895522388059695,2339,56.05714285714283
2025-05-31,CountyB,95,2025,5,24305,1,52,81.0,23.0,88.0,64.0,0.1728395061728396,0.07954545454545459,2434,67.6857142857142
2025-06-30,CountyB,7,2025,6,24306,1,53,95.0,81.0,23.0,66.33333333333333,-0.9263157894736842,-0.6956521739130435,2441,61.37142857142862
2025-07-31,CountyB,37,2025,7,24307,1,54,7.0,95.0,81.0,61.0,4.285714285714286,-0.5432098765432098,2478,53.11428571428583
2025-10-31,CountyB,11,2025,10,24310,1,55,37.0,7.0,95.0,46.333333333333336,-0.7027027027027026,-0.8842105263157894,2489,45.11428571428578
2025-10-31,CountyB,26,2025,10,24310,1,56,11.0,37.0,7.0,18.333333333333332,1.3636363636363638,2.7142857142857144,2515,30.914285714285654
2026-01-31,CountyB,51,2026,1,24313,1,57,26.0,11.0,37.0,24.666666666666668,0.9615384615384615,0.3783783783783783,2566,25.514285714285712
2026-03-31,CountyB,22,2026,3,24315,1,58,51.0,26.0,11.0,29.333333333333332,-0.5686274509803921,1.0,2588,29.285714285714267
2026-09-30,CountyB,47,2026,9,24321,1,59,22.0,51.0,26.0,33.0,1.1363636363636362,0.8076923076923077,2635,32.37142857142868
2026-09-30,CountyB,34,2026,9,24321,1,60,47.0,22.0,51.0,40.0,-0.276595744680851,-0.33333333333333337,2669,36.62857142857129
2026-12-31,CountyB,5,2026,12,24324,1,61,34.0,47.0,22.0,34.333333333333336,-0.8529411764705882,-0.7727272727272727,2674,32.885714285714286
2027-02-28,CountyB,6,2027,2,24326,1,62,5.0,34.0,47.0,28.666666666666668,0.19999999999999996,-0.8723404255319149,2680,24.62857142857133
2027-02-28,CountyB,30,2027,2,24326,1,63,6.0,5.0,34.0,15.0,4.0,-0.11764705882352944,2710,21.428571428571285
2027-04-30,CountyB,64,2027,4,24328,1,64,30.0,6.0,5.0,13.666666666666666,1.1333333333333333,11.8,2774,23.54285714285707
2027-04-30,CountyB,21,2027,4,24328,1,65,64.0,30.0,6.0,33.333333333333336,-0.671875,2.5,2795,27.428571428571406
2027-06-30,CountyB,32,2027,6,24330,1,66,21.0,64.0,30.0,38.333333333333336,0.5238095238095237,0.06666666666666665,2827,33.54285714285721
2027-06-30,CountyB,75,2027,6,24330,1,67,32.0,21.0,64.0,39.0,1.34375,0.171875,2902,42.34285714285719
2027-08-31,CountyB,27,2027,8,24332,1,68,75.0,32.0,21.0,42.666666666666664,-0.64,0.2857142857142858,2929,43.17142857142852
2027-08-31,CountyB,99,2027,8,24332,1,69,27.0,75.0,32.0,44.666666666666664,2.6666666666666665,2.09375,3028,49.914285714285604
2027-08-31,CountyB,45,2027,8,24332,1,70,99.0,27.0,75.0,67.0,-0.5454545454545454,-0.4,3073,57.71428571428579
2027-09-30,CountyB,23,2027,9,24333,1,71,45.0,99.0,27.0,57.0,-0.48888888888888893,-0.14814814814814814,3096,55.91428571428549
2027-10-31,CountyB,37,2027,10,24334,1,72,23.0,45.0,99.0,55.666666666666664,0.6086956521739131,-0.6262626262626263,3133,48.59999999999994
2027-12-31,CountyB,47,2027,12,24336,1,73,37.0,23.0,45.0,35.0,0.2702702702702702,0.04444444444444451,3180,45.51428571428571
2027-12-31,CountyB,29,2027,12,24336,1,74,47.0,37.0,23.0,35.666666666666664,-0.3829787234042553,0.26086956521739135,3209,36.0857142857143
2028-01-31,CountyB,55,2028,1,24337,1,75,29.0,47.0,37.0,37.666666666666664,0.896551724137931,0.4864864864864864,3264,38.3142857142858
2028-03-31,CountyB,37,2028,3,24339,1,76,55.0,29.0,47.0,43.666666666666664,-0.32727272727272727,-0.21276595744680848,3301,41.3428571428571
2028-03-31,CountyB,67,2028,3,24339,1,77,37.0,55.0,29.0,40.333333333333336,0.8108108108108107,1.3103448275862069,3368,45.514285714285606
2028-03-31,CountyB,97,2028,3,24339,1,78,67.0,37.0,55.0,53.0,0.4477611940298507,0.7636363636363637,3465,55.400000000000105
2028-03-31,CountyB,76,2028,3,24339,1,79,97.0,67.0,37.0,67.0,-0.21649484536082475,1.054054054054054,3541,66.57142857142846
2028-07-31,CountyB,6,2028,7,24343,1,80,76.0,97.0,67.0,80.0,-0.9210526315789473,-0.9104477611940298,3547,63.77142857142853
2028-08-31,CountyB,56,2028,8,24344,1,81,6.0,76.0,97.0,59.666666666666664,8.333333333333334,-0.4226804123711341,3603,60.657142857143
2028-08-31,CountyB,53,2028,8,24344,1,82,56.0,6.0,76.0,46.0,-0.0535714285714286,-0.3026315789473685,3656,53.14285714285699
2028-10-31,CountyB,77,2028,10,24346,1,83,53.0,56.0,6.0,38.333333333333336,0.4528301886792452,11.833333333333334,3733,49.74285714285688
2028-11-30,CountyB,40,2028,11,24347,1,84,77.0,53.0,56.0,62.0,-0.48051948051948057,-0.2857142857142857,3773,50.59999999999986
2029-01-31,CountyB,94,2029,1,24349,1,85,40.0,77.0,53.0,56.666666666666664,1.35,0.7735849056603774,3867,62.485714285714245
2029-01-31,CountyB,34,2029,1,24349,1,86,94.0,40.0,77.0,70.33333333333333,-0.6382978723404256,-0.5584415584415585,3901,61.800000000000175
2029-03-31,CountyB,63,2029,3,24351,1,87,34.0,94.0,40.0,56.0,0.8529411764705883,0.575,3964,61.08571428571408
2029-04-30,CountyB,38,2029,4,24352,1,88,63.0,34.0,94.0,63.666666666666664,-0.39682539682539686,-0.5957446808510638,4002,55.77142857142834
2029-04-30,CountyB,84,2029,4,24352,1,89,38.0,63.0,34.0,45.0,1.210526315789474,1.4705882352941178,4086,58.085714285714104
2029-07-31,CountyB,53,2029,7,24355,1,90,84.0,38.0,63.0,61.666666666666664,-0.36904761904761907,-0.15873015873015872,4139,55.79999999999988
2029-08-31,CountyB,8,2029,8,24356,1,91,53.0,84.0,38.0,58.333333333333336,-0.8490566037735849,-0.7894736842105263,4147,52.542857142856775
2029-08-31,CountyB,17,2029,8,24356,1,92,8.0,53.0,84.0,48.333333333333336,1.125,-0.7976190476190477,4164,42.514285714285734
2029-09-30,CountyB,65,2029,9,24357,1,93,17.0,8.0,53.0,26.0,2.823529411764706,0.2264150943396226,4229,39.34285714285692
2029-11-30,CountyB,78,2029,11,24359,1,94,65.0,17.0,8.0,30.0,0.19999999999999996,8.75,4307,39.77142857142861
2030-01-31,CountyB,10,2030,1,24361,1,95,78.0,65.0,17.0,53.333333333333336,-0.8717948717948718,-0.4117647058823529,4317,40.99999999999997
2030-03-31,CountyB,40,2030,3,24363,1,96,10.0,78.0,65.0,51.0,3.0,-0.3846153846153846,4357,45.34285714285719
2030-04-30,CountyB,38,2030,4,24364,1,97,40.0,10.0,78.0,42.666666666666664,-0.050000000000000044,-0.5128205128205128,4395,44.25714285714266
2030-04-30,CountyB,88,2030,4,24364,1,98,38.0,40.0,10.0,29.333333333333332,1.3157894736842106,7.800000000000001,4483,44.971428571428454
2030-06-30,CountyB,21,2030,6,24366,1,99,88.0,38.0,40.0,55.333333333333336,-0.7613636363636364,-0.475,4504,43.457142857142856
2030-07-31,CountyB,7,2030,7,24367,1,100,21.0,88.0,38.0,49.0,-0.6666666666666667,-0.8157894736842105,4511,42.82857142857132
2030-08-31,CountyB,63,2030,8,24368,1,101,7.0,21.0,88.0,38.666666666666664,8.0,-0.28409090909090906,4574,41.54285714285709
2030-08-31,CountyB,78,2030,8,24368,1,102,63.0,7.0,21.0,30.333333333333332,0.23809523809523814,2.7142857142857144,4652,44.71428571428583
2030-09-30,CountyB,59,2030,9,24369,1,103,78.0,63.0,7.0,49.333333333333336,-0.2435897435897436,7.428571428571429,4711,47.05714285714274
2030-10-31,CountyB,4,2030,10,24370,1,104,59.0,78.0,63.0,66.66666666666667,-0.9322033898305084,-0.9365079365079365,4715,49.51428571428561
2030-10-31,CountyB,72,2030,10,24370,1,105,4.0,59.0,78.0,47.0,17.0,-0.07692307692307687,4787,53.19999999999989
2030-10-31,CountyB,90,2030,10,24370,1,106,72.0,4.0,59.0,45.0,0.25,0.5254237288135593,4877,54.97142857142856
2030-11-30,CountyB,26,2030,11,24371,1,107,90.0,72.0,4.0,55.333333333333336,-0.7111111111111111,5.5,4903,52.142857142856954
2030-12-31,CountyB,64,2030,12,24372,1,108,26.0,90.0,72.0,62.666666666666664,1.4615384615384617,-0.11111111111111116,4967,55.25714285714278
2031-02-28,CountyB,37,2031,2,24374,1,109,64.0,26.0,90.0,60.0,-0.421875,-0.5888888888888889,5004,57.45714285714268
2031-05-31,CountyB,47,2031,5,24377,1,110,37.0,64.0,26.0,42.333333333333336,0.2702702702702702,0.8076923076923077,5051,50.42857142857124
2031-07-31,CountyB,29,2031,7,24379,1,111,47.0,37.0,64.0,49.333333333333336,-0.3829787234042553,-0.546875,5080,42.74285714285719
2031-08-31,CountyB,91,2031,8,24380,1,112,29.0,47.0,37.0,37.666666666666664,2.1379310344827585,1.4594594594594597,5171,49.31428571428578
2031-08-31,CountyB,54,2031,8,24380,1,113,91.0,29.0,47.0,55.666666666666664,-0.4065934065934066,0.14893617021276606,5225,52.00000000000009
2031-12-31,CountyB,90,2031,12,24384,1,114,54.0,91.0,29.0,58.0,0.6666666666666667,2.103448275862069,5315,61.94285714285668
2031-12-31,CountyB,9,2031,12,24384,1,115,90.0,54.0,91.0,78.33333333333333,-0.9,-0.9010989010989011,5324,60.68571428571425
2031-12-31,CountyB,27,2031,12,24384,1,116,9.0,90.0,54.0,51.0,2.0,-0.5,5351,54.40000000000043
2032-01-31,CountyB,30,2032,1,24385,1,117,27.0,9.0,90.0,42.0,0.11111111111111116,-0.6666666666666667,5381,41.05714285714274
2032-01-31,CountyB,12,2032,1,24385,1,118,30.0,27.0,9.0,22.0,-0.6,0.33333333333333326,5393,30.428571428571516
2032-03-31,CountyB,36,2032,3,24387,1,119,12.0,30.0,27.0,23.0,2.0,0.33333333333333326,5429,23.05714285714258
2032-04-30,CountyB,46,2032,4,24388,1,120,36.0,12.0,30.0,26.0,0.2777777777777777,0.5333333333333334,5475,28.60000000000012
2032-04-30,CountyB,1,2032,4,24388,1,121,46.0,36.0,12.0,31.333333333333332,-0.9782608695652174,-0.9166666666666666,5476,26.942857142856756
2032-04-30,CountyB,30,2032,4,24388,1,122,1.0,46.0,36.0,27.666666666666668,29.0,-0.16666666666666663,5506,26.28571428571437
2032-07-31,CountyB,30,2032,7,24391,1,123,30.0,1.0,46.0,25.666666666666668,0.0,-0.34782608695652173,5536,27.057142857143152
2032-07-31,CountyB,7,2032,7,24391,1,124,30.0,30.0,1.0,20.333333333333332,-0.7666666666666666,6.0,5543,22.371428571428833
2032-08-31,CountyB,70,2032,8,24392,1,125,7.0,30.0,30.0,22.333333333333332,9.0,1.3333333333333335,5613,26.314285714285408
2033-02-28,CountyB,66,2033,2,24398,1,126,70.0,7.0,30.0,35.666666666666664,-0.05714285714285716,1.2000000000000002,5679,38.37142857142856
2033-04-30,CountyB,39,2033,4,24400,1,127,66.0,70.0,7.0,47.666666666666664,-0.40909090909090906,4.571428571428571,5718,44.542857142857386
2033-04-30,CountyB,29,2033,4,24400,1,128,39.0,66.0,70.0,58.333333333333336,-0.2564102564102564,-0.5857142857142856,5747,47.02857142857137
2033-05-31,CountyB,62,2033,5,24401,1,129,29.0,39.0,66.0,44.666666666666664,1.1379310344827585,-0.06060606060606055,5809,50.599999999999596
2033-05-31,CountyB,87,2033,5,24401,1,130,62.0,29.0,39.0,43.333333333333336,0.403225806451613,1.2307692307692308,5896,52.4000000000004
2033-05-31,CountyB,96,2033,5,24401,1,131,87.0,62.0,29.0,59.333333333333336,0.10344827586206895,2.310344827586207,5992,61.74285714285716
2033-06-30,CountyB,5,2033,6,24402,1,132,96.0,87.0,62.0,81.66666666666667,-0.9479166666666666,-0.9193548387096774,5997,63.34285714285744
2033-07-31,CountyB,35,2033,7,24403,1,133,5.0,96.0,87.0,62.666666666666664,6.0,-0.5977011494252873,6032,59.57142857142849
2033-08-31,CountyB,90,2033,8,24404,1,134,35.0,5.0,96.0,45.333333333333336,1.5714285714285716,-0.0625,6122,56.51428571428527
2034-01-31,CountyB,94,2034,1,24409,1,135,90.0,35.0,5.0,43.333333333333336,0.04444444444444451,17.8,6216,57.85714285714272
2034-02-28,CountyB,3,2034,2,24410,1,136,94.0,90.0,35.0,73.0,-0.9680851063829787,-0.9142857142857143,6219,53.77142857142855
2034-03-31,CountyB,66,2034,3,24411,1,137,3.0,94.0,90.0,62.333333333333336,21.0,-0.2666666666666667,6285,59.85714285714258
2034-04-30,CountyB,84,2034,4,24412,1,138,66.0,3.0,94.0,54.333333333333336,0.2727272727272727,-0.1063829787234043,6369,62.19999999999976
2034-04-30,CountyB,15,2034,4,24412,1,139,84.0,66.0,3.0,51.0,-0.8214285714285714,4.0,6384,52.42857142857127
2034-06-30,CountyB,85,2034,6,24414,1,140,15.0,84.0,66.0,55.0,4.666666666666667,0.28787878787878785,6469,52.685714285713885
2034-07-31,CountyB,95,2034,7,24415,1,141,85.0,15.0,84.0,61.333333333333336,0.11764705882352944,0.13095238095238093,6564,65.48571428571414
2034-07-31,CountyB,48,2034,7,24415,1,142,95.0,85.0,15.0,65.0,-0.49473684210526314,2.2,6612,65.85714285714228
2034-08-31,CountyB,19,2034,8,24416,1,143,48.0,95.0,85.0,76.0,-0.6041666666666667,-0.7764705882352941,6631,59.68571428571424
2034-10-31,CountyB,57,2034,10,24418,1,144,19.0,48.0,95.0,54.0,2.0,-0.4,6688,58.68571428571448
2034-12-31,CountyB,68,2034,12,24420,1,145,57.0,19.0,48.0,41.333333333333336,0.1929824561403508,0.41666666666666674,6756,52.17142857142828
2034-12-31,CountyB,22,2034,12,24420,1,146,68.0,57.0,19.0,48.0,-0.6764705882352942,0.1578947368421053,6778,44.54285714285724
2035-03-31,CountyB,43,2035,3,24423,1,147,22.0,68.0,57.0,49.0,0.9545454545454546,-0.24561403508771928,6821,44.39999999999993
2035-03-31,CountyB,26,2035,3,24423,1,148,43.0,22.0,68.0,44.333333333333336,-0.39534883720930236,-0.6176470588235294,6847,42.885714285714165
2035-05-31,CountyB,64,2035,5,24425,1,149,26.0,43.0,22.0,30.333333333333332,1.4615384615384617,1.9090909090909092,6911,40.88571428571424
2035-05-31,CountyB,52,2035,5,24425,1,150,64.0,26.0,43.0,44.333333333333336,-0.1875,0.20930232558139528,6963,41.71428571428513
2035-06-30,CountyB,96,2035,6,24426,1,151,52.0,64.0,26.0,47.333333333333336,0.8461538461538463,2.6923076923076925,7059,54.14285714285691
2035-07-31,CountyB,74,2035,7,24427,1,152,96.0,52.0,64.0,70.66666666666667,-0.22916666666666663,0.15625,7133,64.22857142857144
2035-07-31,CountyB,21,2035,7,24427,1,153,74.0,96.0,52.0,74.0,-0.7162162162162162,-0.5961538461538461,7154,65.6285714285714
2035-10-31,CountyB,24,2035,10,24430,1,154,21.0,74.0,96.0,63.666666666666664,0.1428571428571428,-0.75,7178,56.628571428571384
2035-11-30,CountyB,74,2035,11,24431,1,155,24.0,21.0,74.0,39.666666666666664,2.0833333333333335,0.0,7252,52.085714285713706
2035-12-31,CountyB,92,2035,12,24432,1,156,74.0,24.0,21.0,39.666666666666664,0.2432432432432432,3.3809523809523814,7344,51.59999999999986
2036-06-30,CountyB,38,2036,6,24438,1,157,92.0,74.0,24.0,63.333333333333336,-0.5869565217391304,0.5833333333333333,7382,53.971428571428795
2036-06-30,CountyB,51,2036,6,24438,1,158,38.0,92.0,74.0,68.0,0.3421052631578947,-0.31081081081081086,7433,59.97142857142824
2021-01-31,CountyC,57,2021,1,24253,2,5,62.0,38.0,89.0,63.0,-0.08064516129032262,-0.3595505617977528,356,62.999999999999986
2021-02-28,CountyC,8,2021,2,24254,2,6,57.0,62.0,38.0,52.333333333333336,-0.8596491228070176,-0.7894736842105263,364,51.51428571428569
2021-03-31,CountyC,35,2021,3,24255,2,7,8.0,57.0,62.0,42.333333333333336,3.375,-0.4354838709677419,399,41.085714285714275
2021-03-31,CountyC,58,2021,3,24255,2,8,35.0,8.0,57.0,33.333333333333336,0.6571428571428573,0.01754385964912286,457,40.22857142857141
2021-04-30,CountyC,39,2021,4,24256,2,9,58.0,35.0,8.0,33.666666666666664,-0.3275862068965517,3.875,496,37.800000000000004
2021-05-31,CountyC,50,2021,5,24257,2,10,39.0,58.0,35.0,44.0,0.28205128205128216,0.4285714285714286,546,40.114285714285714
2021-05-31,CountyC,85,2021,5,24257,2,11,50.0,39.0,58.0,49.0,0.7,0.4655172413793103,631,51.857142857142854
2021-06-30,CountyC,32,2021,6,24258,2,12,85.0,50.0,39.0,58.0,-0.6235294117647059,-0.17948717948717952,663,54.057142857142814
2021-09-30,CountyC,41,2021,9,24261,2,13,32.0,85.0,50.0,55.666666666666664,0.28125,-0.18000000000000005,704,52.028571428571425
2021-09-30,CountyC,94,2021,9,24261,2,14,41.0,32.0,85.0,52.666666666666664,1.292682926829268,0.10588235294117654,798,57.599999999999966
2021-12-31,CountyC,72,2021,12,24264,2,15,94.0,41.0,32.0,55.666666666666664,-0.23404255319148937,1.25,870,61.77142857142855
2022-04-30,CountyC,60,2022,4,24268,2,16,72.0,94.0,41.0,69.0,-0.16666666666666663,0.46341463414634143,930,63.142857142857146
2022-04-30,CountyC,67,2022,4,24268,2,17,60.0,72.0,94.0,75.33333333333333,0.1166666666666667,-0.2872340425531915,997,69.14285714285714
2022-04-30,CountyC,3,2022,4,24268,2,18,67.0,60.0,72.0,66.33333333333333,-0.9552238805970149,-0.9583333333333334,1000,61.057142857142836
2022-05-31,CountyC,78,2022,5,24269,2,19,3.0,67.0,60.0,43.333333333333336,25.0,0.30000000000000004,1078,53.057142857142864
2022-11-30,CountyC,12,2022,11,24275,2,20,78.0,3.0,67.0,49.333333333333336,-0.8461538461538461,-0.8208955223880597,1090,44.199999999999925
2022-12-31,CountyC,20,2022,12,24276,2,21,12.0,78.0,3.0,31.0,0.6666666666666667,5.666666666666667,1110,35.91428571428573
2023-01-31,CountyC,85,2023,1,24277,2,22,20.0,12.0,78.0,36.666666666666664,3.25,0.08974358974358965,1195,38.05714285714282
2023-03-31,CountyC,36,2023,3,24279,2,23,85.0,20.0,12.0,39.0,-0.5764705882352941,2.0,1231,43.59999999999998
2023-03-31,CountyC,82,2023,3,24279,2,24,36.0,85.0,20.0,47.0,1.2777777777777777,3.0999999999999996,1313,48.08571428571425
2023-05-31,CountyC,22,2023,5,24281,2,25,82.0,36.0,85.0,67.66666666666667,-0.7317073170731707,-0.7411764705882353,1335,53.42857142857147
2023-06-30,CountyC,51,2023,6,24282,2,26,22.0,82.0,36.0,46.666666666666664,1.3181818181818183,0.41666666666666674,1386,53.77142857142857
2023-06-30,CountyC,35,2023,6,24282,2,27,51.0,22.0,82.0,51.666666666666664,-0.3137254901960784,-0.5731707317073171,1421,46.200000000000095
2023-07-31,CountyC,29,2023,7,24283,2,28,35.0,51.0,22.0,36.0,-0.17142857142857137,0.3181818181818181,1450,41.9999999999999
2023-08-31,CountyC,10,2023,8,24284,2,29,29.0,35.0,51.0,38.333333333333336,-0.6551724137931034,-0.803921568627451,1460,31.857142857142787
2023-09-30,CountyC,94,2023,9,24285,2,30,10.0,29.0,35.0,24.666666666666668,8.4,1.6857142857142855,1554,38.45714285714283
2023-10-31,CountyC,54,2023,10,24286,2,31,94.0,10.0,29.0,44.333333333333336,-0.42553191489361697,0.8620689655172413,1608,43.40000000000002
2023-11-30,CountyC,25,2023,11,24287,2,32,54.0,94.0,10.0,52.666666666666664,-0.537037037037037,1.5,1633,46.51428571428573
2023-12-31,CountyC,2,2023,12,24288,2,33,25.0,54.0,94.0,57.666666666666664,-0.92,-0.9787234042553191,1635,42.79999999999998
2023-12-31,CountyC,60,2023,12,24288,2,34,2.0,25.0,54.0,27.0,29.0,0.11111111111111116,1695,41.228571428571236
2023-12-31,CountyC,34,2023,12,24288,2,35,60.0,2.0,25.0,29.0,-0.43333333333333335,0.3600000000000001,1729,32.514285714285656
2024-02-29,CountyC,90,2024,2,24290,2,36,34.0,60.0,2.0,32.0,1.6470588235294117,44.0,1819,40.085714285714225
2024-02-29,CountyC,69,2024,2,24290,2,37,90.0,34.0,60.0,61.333333333333336,-0.23333333333333328,0.1499999999999999,1888,53.17142857142848
2024-03-31,CountyC,56,2024,3,24291,2,38,69.0,90.0,34.0,64.33333333333333,-0.18840579710144922,0.6470588235294117,1944,63.25714285714275
2024-03-31,CountyC,38,2024,3,24291,2,39,56.0,69.0,90.0,71.66666666666667,-0.3214285714285714,-0.5777777777777777,1982,61.4
2024-04-30,CountyC,15,2024,4,24292,2,40,38.0,56.0,69.0,54.333333333333336,-0.6052631578947368,-0.782608695652174,1997,53.857142857142826
2024-04-30,CountyC,27,2024,4,24292,2,41,15.0,38.0,56.0,36.333333333333336,0.8,-0.5178571428571428,2024,39.7142857142856
2024-06-30,CountyC,88,2024,6,24294,2,42,27.0,15.0,38.0,26.666666666666668,2.259259259259259,1.3157894736842106,2112,39.28571428571417
2024-06-30,CountyC,29,2024,6,24294,2,43,88.0,27.0,15.0,43.333333333333336,-0.6704545454545454,0.9333333333333333,2141,40.057142857142686
2024-12-31,CountyC,75,2024,12,24300,2,44,29.0,88.0,27.0,48.0,1.5862068965517242,1.7777777777777777,2216,48.28571428571418
2024-12-31,CountyC,2,2024,12,24300,2,45,75.0,29.0,88.0,64.0,-0.9733333333333334,-0.9772727272727273,2218,48.85714285714284
2025-01-31,CountyC,83,2025,1,24301,2,46,2.0,75.0,29.0,35.333333333333336,40.5,1.8620689655172415,2301,50.79999999999991
2025-02-28,CountyC,35,2025,2,24302,2,47,83.0,2.0,75.0,53.333333333333336,-0.5783132530120482,-0.5333333333333333,2336,45.77142857142869
2025-02-28,CountyC,45,2025,2,24302,2,48,35.0,83.0,2.0,40.0,0.2857142857142858,21.5,2381,46.94285714285711
2025-02-28,CountyC,62,2025,2,24302,2,49,45.0,35.0,83.0,54.333333333333336,0.37777777777777777,-0.2530120481927711,2443,47.39999999999995
2025-03-31,CountyC,75,2025,3,24303,2,50,62.0,45.0,35.0,47.333333333333336,0.20967741935483875,1.1428571428571428,2518,56.314285714285674
2025-03-31,CountyC,71,2025,3,24303,2,51,75.0,62.0,45.0,60.666666666666664,-0.053333333333333344,0.5777777777777777,2589,58.51428571428576
2025-07-31,CountyC,88,2025,7,24307,2,52,71.0,75.0,62.0,69.33333333333333,0.23943661971830976,0.4193548387096775,2677,68.68571428571403
2025-08-31,CountyC,51,2025,8,24308,2,53,88.0,71.0,75.0,78.0,-0.4204545454545454,-0.31999999999999995,2728,71.65714285714266
2025-09-30,CountyC,92,2025,9,24309,2,54,51.0,88.0,71.0,70.0,0.803921568627451,0.295774647887324,2820,74.37142857142837
2026-12-31,CountyC,81,2026,12,24324,2,55,92.0,51.0,88.0,77.0,-0.11956521739130432,-0.07954545454545459,2901,75.97142857142867
2027-02-28,CountyC,25,2027,2,24326,2,56,81.0,92.0,51.0,74.66666666666667,-0.691358024691358,-0.5098039215686274,2926,69.97142857142838
2027-05-31,CountyC,24,2027,5,24329,2,57,25.0,81.0,92.0,66.0,-0.040000000000000036,-0.7391304347826086,2950,58.28571428571433
2027-06-30,CountyC,51,2027,6,24330,2,58,24.0,25.0,81.0,43.333333333333336,1.125,-0.37037037037037035,3001,50.85714285714276
2027-06-30,CountyC,85,2027,6,24330,2,59,51.0,24.0,25.0,33.333333333333336,0.6666666666666667,2.4,3086,47.257142857142746
2027-08-31,CountyC,70,2027,8,24332,2,60,85.0,51.0,24.0,53.333333333333336,-0.17647058823529416,1.9166666666666665,3156,51.599999999999966
2027-09-30,CountyC,34,2027,9,24333,2,61,70.0,85.0,51.0,68.66666666666667,-0.5142857142857142,-0.33333333333333337,3190,57.80000000000003
2027-09-30,CountyC,86,2027,9,24333,2,62,34.0,70.0,85.0,63.0,1.5294117647058822,0.0117647058823529,3276,64.77142857142844
2027-09-30,CountyC,72,2027,9,24333,2,63,86.0,34.0,70.0,63.333333333333336,-0.16279069767441856,0.02857142857142847,3348,66.82857142857141
2027-11-30,CountyC,51,2027,11,24335,2,64,72.0,86.0,34.0,64.0,-0.29166666666666663,0.5,3399,63.628571428571604
2027-12-31,CountyC,97,2027,12,24336,2,65,51.0,72.0,86.0,69.66666666666667,0.9019607843137254,0.12790697674418605,3496,68.5428571428569
2027-12-31,CountyC,63,2027,12,24336,2,66,97.0,51.0,72.0,73.33333333333333,-0.35051546391752575,-0.125,3559,73.02857142857127
2028-01-31,CountyC,40,2028,1,24337,2,67,63.0,97.0,51.0,70.33333333333333,-0.3650793650793651,-0.21568627450980393,3599,66.99999999999997
2028-03-31,CountyC,54,2028,3,24339,2,68,40.0,63.0,97.0,66.66666666666667,0.3500000000000001,-0.44329896907216493,3653,62.51428571428569
2028-05-31,CountyC,27,2028,5,24341,2,69,54.0,40.0,63.0,52.333333333333336,-0.5,-0.5714285714285714,3680,54.74285714285707
2028-07-31,CountyC,40,2028,7,24343,2,70,27.0,54.0,40.0,40.333333333333336,0.4814814814814814,0.0,3720,43.91428571428579
2028-07-31,CountyC,42,2028,7,24343,2,71,40.0,27.0,54.0,40.333333333333336,0.050000000000000044,-0.2222222222222222,3762,40.14285714285713
2028-08-31,CountyC,19,2028,8,24344,2,72,42.0,40.0,27.0,36.333333333333336,-0.5476190476190477,-0.2962962962962963,3781,36.48571428571427
2028-10-31,CountyC,91,2028,10,24346,2,73,19.0,42.0,40.0,33.666666666666664,3.7894736842105265,1.275,3872,41.142857142856926
2028-12-31,CountyC,18,2028,12,24348,2,74,91.0,19.0,42.0,50.666666666666664,-0.8021978021978022,-0.5714285714285714,3890,43.571428571428534
2029-02-28,CountyC,61,2029,2,24350,2,75,18.0,91.0,19.0,42.666666666666664,2.388888888888889,2.210526315789474,3951,46.5714285714285
2029-06-30,CountyC,31,2029,6,24354,2,76,61.0,18.0,91.0,56.666666666666664,-0.4918032786885246,-0.6593406593406593,3982,46.51428571428535
2029-07-31,CountyC,1,2029,7,24355,2,77,31.0,61.0,18.0,36.666666666666664,-0.967741935483871,-0.9444444444444444,3983,40.02857142857151
2029-08-31,CountyC,5,2029,8,24356,2,78,1.0,31.0,61.0,31.0,4.0,-0.9180327868852459,3988,25.42857142857155
2029-09-30,CountyC,92,2029,9,24357,2,79,5.0,1.0,31.0,12.333333333333334,17.4,1.967741935483871,4080,30.342857142856893
2029-12-31,CountyC,33,2029,12,24360,2,80,92.0,5.0,1.0,32.666666666666664,-0.6413043478260869,32.0,4113,31.68571428571428
2029-12-31,CountyC,53,2029,12,24360,2,81,33.0,92.0,5.0,43.333333333333336,0.606060606060606,9.6,4166,40.05714285714276
2030-01-31,CountyC,68,2030,1,24361,2,82,53.0,33.0,92.0,59.333333333333336,0.28301886792452824,-0.26086956521739135,4234,52.057142857143134
2030-02-28,CountyC,52,2030,2,24362,2,83,68.0,53.0,33.0,51.333333333333336,-0.23529411764705888,0.5757575757575757,4286,57.28571428571408
2030-04-30,CountyC,15,2030,4,24364,2,84,52.0,68.0,53.0,57.666666666666664,-0.7115384615384616,-0.7169811320754718,4301,48.34285714285712
2030-04-30,CountyC,6,2030,4,24364,2,85,15.0,52.0,68.0,45.0,-0.6,-0.9117647058823529,4307,40.77142857142842
2030-05-31,CountyC,14,2030,5,24365,2,86,6.0,15.0,52.0,24.333333333333332,1.3333333333333335,-0.7307692307692308,4321,28.828571428571557
2030-07-31,CountyC,64,2030,7,24367,2,87,14.0,6.0,15.0,11.666666666666666,3.571428571428571,3.2666666666666666,4385,24.74285714285698
2030-09-30,CountyC,50,2030,9,24369,2,88,64.0,14.0,6.0,28.0,-0.21875,7.333333333333334,4435,28.88571428571444
2030-09-30,CountyC,33,2030,9,24369,2,89,50.0,64.0,14.0,42.666666666666664,-0.33999999999999997,1.3571428571428572,4468,36.65714285714282
2030-09-30,CountyC,9,2030,9,24369,2,90,33.0,50.0,64.0,49.0,-0.7272727272727273,-0.859375,4477,38.3142857142859
2030-09-30,CountyC,91,2030,9,24369,2,91,9.0,33.0,50.0,30.666666666666668,9.11111111111111,0.8200000000000001,4568,44.114285714285586
2030-09-30,CountyC,65,2030,9,24369,2,92,91.0,9.0,33.0,44.333333333333336,-0.2857142857142857,0.9696969696969697,4633,47.08571428571389
2030-10-31,CountyC,23,2030,10,24370,2,93,65.0,91.0,9.0,55.0,-0.6461538461538461,1.5555555555555554,4656,48.31428571428539
2030-11-30,CountyC,70,2030,11,24371,2,94,23.0,65.0,91.0,59.666666666666664,2.0434782608695654,-0.23076923076923073,4726,54.05714285714266
2030-11-30,CountyC,4,2030,11,24371,2,95,70.0,23.0,65.0,52.666666666666664,-0.9428571428571428,-0.9384615384615385,4730,50.342857142857135
2030-11-30,CountyC,71,2030,11,24371,2,96,4.0,70.0,23.0,32.333333333333336,16.75,2.0869565217391304,4801,43.59999999999974
2031-02-28,CountyC,15,2031,2,24374,2,97,71.0,4.0,70.0,48.333333333333336,-0.7887323943661972,-0.7857142857142857,4816,38.68571428571464
2031-04-30,CountyC,49,2031,4,24376,2,98,15.0,71.0,4.0,30.0,2.2666666666666666,11.25,4865,39.600000000000044
2031-11-30,CountyC,97,2031,11,24383,2,99,49.0,15.0,71.0,45.0,0.9795918367346939,0.3661971830985915,4962,45.7142857142854
2031-12-31,CountyC,78,2031,12,24384,2,100,97.0,49.0,15.0,53.666666666666664,-0.19587628865979378,4.2,5040,59.48571428571445
2032-03-31,CountyC,46,2032,3,24387,2,101,78.0,97.0,49.0,74.66666666666667,-0.41025641025641024,-0.061224489795918324,5086,62.68571428571426
2032-03-31,CountyC,57,2032,3,24387,2,102,46.0,78.0,97.0,73.66666666666667,0.23913043478260865,-0.41237113402061853,5143,67.8857142857143
2032-03-31,CountyC,97,2032,3,24387,2,103,57.0,46.0,78.0,60.333333333333336,0.7017543859649122,0.2435897435897436,5240,70.39999999999998
2032-03-31,CountyC,98,2032,3,24387,2,104,97.0,57.0,46.0,66.66666666666667,0.010309278350515427,1.1304347826086958,5338,72.48571428571378
2032-07-31,CountyC,17,2032,7,24391,2,105,98.0,97.0,57.0,84.0,-0.826530612244898,-0.7017543859649122,5355,69.37142857142906
2032-07-31,CountyC,26,2032,7,24391,2,106,17.0,98.0,97.0,70.66666666666667,0.5294117647058822,-0.731958762886598,5381,63.11428571428593
2032-08-31,CountyC,29,2032,8,24392,2,107,26.0,17.0,98.0,47.0,0.11538461538461542,-0.7040816326530612,5410,50.714285714285744
2032-08-31,CountyC,11,2032,8,24392,2,108,29.0,26.0,17.0,24.0,-0.6206896551724138,-0.3529411764705882,5421,32.771428571428366
2032-09-30,CountyC,20,2032,9,24393,2,109,11.0,29.0,26.0,22.0,0.8181818181818181,-0.23076923076923073,5441,21.199999999999857
2032-10-31,CountyC,9,2032,10,24394,2,110,20.0,11.0,29.0,20.0,-0.55,-0.6896551724137931,5450,19.028571428571336
2032-11-30,CountyC,31,2032,11,24395,2,111,9.0,20.0,11.0,13.333333333333334,2.4444444444444446,1.8181818181818183,5481,18.285714285714572
2032-11-30,CountyC,33,2032,11,24395,2,112,31.0,9.0,20.0,20.0,0.06451612903225801,0.6499999999999999,5514,20.257142857142597
2033-02-28,CountyC,93,2033,2,24398,2,113,33.0,31.0,9.0,24.333333333333332,1.8181818181818183,9.333333333333334,5607,33.71428571428503
2033-02-28,CountyC,40,2033,2,24398,2,114,93.0,33.0,31.0,52.333333333333336,-0.5698924731182795,0.29032258064516125,5647,43.82857142857175
2033-04-30,CountyC,97,2033,4,24400,2,115,40.0,93.0,33.0,55.333333333333336,1.4249999999999998,1.9393939393939394,5744,58.88571428571459
2033-04-30,CountyC,59,2033,4,24400,2,116,97.0,40.0,93.0,76.66666666666667,-0.3917525773195877,-0.3655913978494624,5803,66.85714285714256
2033-04-30,CountyC,35,2033,4,24400,2,117,59.0,97.0,40.0,65.33333333333333,-0.4067796610169492,-0.125,5838,65.85714285714263
2033-05-31,CountyC,19,2033,5,24401,2,118,35.0,59.0,97.0,63.666666666666664,-0.4571428571428572,-0.8041237113402062,5857,53.771428571428594
2033-06-30,CountyC,11,2033,6,24402,2,119,19.0,35.0,59.0,37.666666666666664,-0.42105263157894735,-0.8135593220338984,5868,42.25714285714303
2033-08-31,CountyC,1,2033,8,24404,2,120,11.0,19.0,35.0,21.666666666666668,-0.9090909090909091,-0.9714285714285714,5869,23.97142857142855
2033-08-31,CountyC,85,2033,8,24404,2,121,1.0,11.0,19.0,10.333333333333334,84.0,3.473684210526316,5954,24.54285714285727
2033-09-30,CountyC,52,2033,9,24405,2,122,85.0,1.0,11.0,32.333333333333336,-0.388235294117647,3.7272727272727275,6006,32.34285714285696
2033-11-30,CountyC,62,2033,11,24407,2,123,52.0,85.0,1.0,46.0,0.1923076923076923,61.0,6068,44.39999999999991
2034-02-28,CountyC,2,2034,2,24410,2,124,62.0,52.0,85.0,66.33333333333333,-0.967741935483871,-0.9764705882352941,6070,47.39999999999994
2034-02-28,CountyC,4,2034,2,24410,2,125,2.0,62.0,52.0,38.666666666666664,1.0,-0.9230769230769231,6074,40.999999999999936
2034-04-30,CountyC,5,2034,4,24412,2,126,4.0,2.0,62.0,22.666666666666668,0.25,-0.9193548387096774,6079,23.74285714285705
2034-04-30,CountyC,62,2034,4,24412,2,127,5.0,4.0,2.0,3.6666666666666665,11.4,30.0,6141,20.34285714285713
2034-04-30,CountyC,7,2034,4,24412,2,128,62.0,5.0,4.0,23.666666666666668,-0.8870967741935484,0.75,6148,17.657142857143103
2034-05-31,CountyC,5,2034,5,24413,2,129,7.0,62.0,5.0,24.666666666666668,-0.2857142857142857,0.0,6153,19.971428571427868
2034-07-31,CountyC,4,2034,7,24415,2,130,5.0,7.0,62.0,24.666666666666668,-0.19999999999999996,-0.935483870967742,6157,18.399999999999775
2034-08-31,CountyC,60,2034,8,24416,2,131,4.0,5.0,7.0,5.333333333333333,14.0,7.571428571428571,6217,21.2285714285707
2034-11-30,CountyC,97,2034,11,24419,2,132,60.0,4.0,5.0,23.0,0.6166666666666667,18.4,6314,30.74285714285708
2034-12-31,CountyC,86,2034,12,24420,2,133,97.0,60.0,4.0,53.666666666666664,-0.11340206185567014,20.5,6400,51.51428571428561
2035-01-31,CountyC,67,2035,1,24421,2,134,86.0,97.0,60.0,81.0,-0.22093023255813948,0.1166666666666667,6467,68.45714285714301
2035-02-28,CountyC,51,2035,2,24422,2,135,67.0,86.0,97.0,83.33333333333333,-0.23880597014925375,-0.4742268041237113,6518,75.45714285714241
2035-04-30,CountyC,76,2035,4,24424,2,136,51.0,67.0,86.0,68.0,0.4901960784313726,-0.11627906976744184,6594,73.2571428571428
2035-07-31,CountyC,86,2035,7,24427,2,137,76.0,51.0,67.0,64.66666666666667,0.13157894736842102,0.28358208955223874,6680,70.37142857142854
2035-07-31,CountyC,18,2035,7,24427,2,138,86.0,76.0,51.0,71.0,-0.7906976744186046,-0.6470588235294117,6698,63.000000000000504
2035-08-31,CountyC,75,2035,8,24428,2,139,18.0,86.0,76.0,60.0,3.166666666666667,-0.013157894736842146,6773,61.600000000000044
2035-09-30,CountyC,42,2035,9,24429,2,140,75.0,18.0,86.0,59.666666666666664,-0.43999999999999995,-0.5116279069767442,6815,58.28571428571441
2035-10-31,CountyC,36,2035,10,24430,2,141,42.0,75.0,18.0,45.0,-0.1428571428571429,1.0,6851,50.42857142857147
2035-10-31,CountyC,6,2035,10,24430,2,142,36.0,42.0,75.0,51.0,-0.8333333333333334,-0.92,6857,39.59999999999982
2035-10-31,CountyC,38,2035,10,24430,2,143,6.0,36.0,42.0,28.0,5.333333333333333,-0.09523809523809523,6895,36.37142857142801
2035-11-30,CountyC,6,2035,11,24431,2,144,38.0,6.0,36.0,26.666666666666668,-0.8421052631578947,-0.8333333333333334,6901,25.314285714285727
2036-01-31,CountyC,26,2036,1,24433,2,145,6.0,38.0,6.0,16.666666666666668,3.333333333333333,3.333333333333333,6927,21.371428571428055
2036-02-29,CountyC,71,2036,2,24434,2,146,26.0,6.0,38.0,23.333333333333332,1.7307692307692308,0.868421052631579,6998,27.17142857142887
2036-04-30,CountyC,41,2036,4,24436,2,147,71.0,26.0,6.0,34.333333333333336,-0.4225352112676056,5.833333333333333,7039,35.57142857142868
2036-05-31,CountyC,74,2036,5,24437,2,148,41.0,71.0,26.0,46.0,0.8048780487804879,1.8461538461538463,7113,45.00000000000048
2036-06-30,CountyC,89,2036,6,24438,2,149,74.0,41.0,71.0,62.0,0.20270270270270263,0.2535211267605635,7202,60.11428571428506
2036-07-31,CountyC,19,2036,7,24439,2,150,89.0,74.0,41.0,68.0,-0.7865168539325843,-0.5365853658536586,7221,61.60000000000015
2036-08-31,CountyC,13,2036,8,24440,2,151,19.0,89.0,74.0,60.666666666666664,-0.3157894736842105,-0.8243243243243243,7234,51.85714285714308
2036-08-31,CountyC,28,2036,8,24440,2,152,13.0,19.0,89.0,40.333333333333336,1.1538461538461537,-0.6853932584269663,7262,42.77142857142837
